id,name,phone,email
1,Aarav Sharma,9876543210,aarav.sharma@example.com
2,Ananya Reddy,9123456780,ananya.reddy@example.com
3,Rahul Kumar,9988776655,rahul.kumar@example.com
4,Priya Nair,9012345678,priya.nair@example.com
5,Kiran Rao,8899776655,kiran.rao@example.com
6,Sneha Patel,9345678901,sneha.patel@example.com
7,Vikram Singh,8765432109,vikram.singh@example.com
8,Meera Iyer,9654321098,meera.iyer@example.com
9,Arjun Verma,9098765432,arjun.verma@example.com
10,Neha Gupta,9789012345,neha.gupta@example.com
11,Rohan Das,8866554433,rohan.das@example.com
12,Ishita Joshi,9556677889,ishita.joshi@example.com
13,Aditya Menon,9445566778,aditya.menon@example.com
14,Pooja Shah,9334455667,pooja.shah@example.com
15,Sanjay Rao,9223344556,sanjay.rao@example.com
